gene_id	WT_mock_day7vs21_fc	WT_cis_day7vs21_fc	WT_fu_day7vs21_fc	WT_irr_day7vs21_fc	WT_topo_day7vs21_fc	WT_mock_day7vs21_pval	WT_cis_day7vs21_pval	WT_fu_day7vs21_pval	WT_irr_day7vs21_pval	WT_topo_day7vs21_pval	WT_mock_day0vs21_fc	WT_cis_day0vs21_fc	WT_fu_day0vs21_fc	WT_irr_day0vs21_fc	WT_topo_day0vs21_fc	WT_mock_day0vs21_pval	WT_cis_day0vs21_pval	WT_fu_day0vs21_pval	WT_irr_day0vs21_pval	WT_topo_day0vs21_pval	MSH6_mock_day7vs21_fc	MSH6_cis_day7vs21_fc	MSH6_fu_day7vs21_fc	MSH6_irr_day7vs21_fc	MSH6_topo_day7vs21_fc	MSH6_mock_day7vs21_pval	MSH6_cis_day7vs21_pval	MSH6_fu_day7vs21_pval	MSH6_irr_day7vs21_pval	MSH6_topo_day7vs21_pval	MSH6_mock_day0vs21_fc	MSH6_cis_day0vs21_fc	MSH6_fu_day0vs21_fc	MSH6_irr_day0vs21_fc	MSH6_topo_day0vs21_fc	MSH6_mock_day0vs21_pval	MSH6_cis_day0vs21_pval	MSH6_fu_day0vs21_pval	MSH6_irr_day0vs21_pval	MSH6_topo_day0vs21_pval	MLH1_mock_day7vs21_fc	MLH1_cis_day7vs21_fc	MLH1_fu_day7vs21_fc	MLH1_irr_day7vs21_fc	MLH1_topo_day7vs21_fc	MLH1_mock_day7vs21_pval	MLH1_cis_day7vs21_pval	MLH1_fu_day7vs21_pval	MLH1_irr_day7vs21_pval	MLH1_topo_day7vs21_pval	MLH1_mock_day0vs21_fc	MLH1_cis_day0vs21_fc	MLH1_fu_day0vs21_fc	MLH1_irr_day0vs21_fc	MLH1_topo_day0vs21_fc	MLH1_mock_day0vs21_pval	MLH1_cis_day0vs21_pval	MLH1_fu_day0vs21_pval	MLH1_irr_day0vs21_pval	MLH1_topo_day0vs21_pval
UNC93B1	0.28724286	0.94621722	0.98446978	0.28589393	0.11882365	0.24745713	0.15116573	0.43757153	0.99913542	0.62008225	0.56015104	0.82519126	0.41735847	0.57542171	0.4122812	0.4822281	0.34321257	0.38642266	0.33989108	0.85774572	0.4822281	0.65924959	0.83896577	0.97658653	0.89284792	0.76347473	0.77776501	0.41956858	0.5251741	0.35884068	0.63524439	0.83666896	0.76870813	0.89284792	0.76347473	0.77776501	0.36609095	0.93806347	0.35233022	0.2780892	0.94564406	0.59250862	0.94621722	0.98446978	0.28589393	0.11882365	0.24745713	0.15116573	0.43757153	0.99913542	0.62008225	0.56015104	0.82519126	0.41735847	0.57542171	0.4122812		0.41956858	0.5251741	0.35884068
